,Linear SVM,Decision Tree,Random Forest,AdaBoost
0,0.7362637362637363,0.6923076923076923,0.6043956043956044,0.6373626373626373
