,Linear SVM,Decision Tree,Random Forest,AdaBoost
0,0.6703296703296703,0.7142857142857143,0.6483516483516484,0.6373626373626373
