,Linear SVM,Decision Tree,Random Forest,AdaBoost
0,1.0,0.9813664596273292,0.8881987577639752,0.8012422360248447
